Feature,Coefficient,Std Error,p-value,Abs Coefficient
const,-1.1414060316560513,0.0740934023626659,1.51578708025466e-53,1.1414060316560513
BonusMalus,0.35718240743951796,0.006168031602566394,0.0,0.35718240743951796
LogDensity,0.04998280584769274,0.0281704650826525,0.07601383605547736,0.04998280584769274
VehPower,0.02004611306138409,0.006763528037333531,0.0030381189231108736,0.02004611306138409
Area_B,0.019296332385241328,0.03043678447373833,0.5260934506870658,0.019296332385241328
Area_C,0.021853888004233026,0.03952886168058446,0.5803599457850867,0.021853888004233026
Area_D,0.0773345095744596,0.05979885437768574,0.1959266824452749,0.0773345095744596
Area_E,0.08137314976302172,0.07970135098259462,0.3072659091942016,0.08137314976302172
Area_F,0.019071748226759583,0.1099186449645211,0.8622522547384159,0.019071748226759583
VehBrand_B10,0.010576347635946866,0.04353826897037854,0.8080668141973251,0.010576347635946866
VehBrand_B11,0.07134541494543736,0.04704225252269341,0.12936161148439926,0.07134541494543736
VehBrand_B12,0.10479110947201,0.02147938647388585,1.0679675381825273e-06,0.10479110947201
VehBrand_B13,0.05326074320701485,0.04849336491589274,0.27206918648340084,0.05326074320701485
VehBrand_B14,-0.14667881162015145,0.09230780055937994,0.11205619446843341,0.14667881162015145
VehBrand_B2,-0.021359396500457276,0.018281482272285255,0.2426606149395717,0.021359396500457276
VehBrand_B3,0.0054116725897179535,0.026096376232759053,0.8357189034690824,0.0054116725897179535
VehBrand_B4,-0.01661346795781984,0.035500410717392634,0.6397991792452811,0.01661346795781984
VehBrand_B5,0.050904177369364596,0.02987715750210071,0.08842173312291286,0.050904177369364596
VehBrand_B6,-0.05721547734096245,0.03414324447327399,0.09378754225430942,0.05721547734096245
VehGas_Regular,0.05086458264760396,0.013127121526391608,0.00010672525360954171,0.05086458264760396
Region_R21,0.10937888018274963,0.09971750890399958,0.272690612544048,0.10937888018274963
Region_R22,0.11243891838870894,0.06106065783340536,0.06555859088549489,0.11243891838870894
Region_R23,-0.04555532974209336,0.07304620227355452,0.5328568755827134,0.04555532974209336
Region_R24,0.11263487651654833,0.029529270395345374,0.00013654363837133318,0.11263487651654833
Region_R25,0.06622929967314754,0.05324824246670329,0.21357915587206666,0.06622929967314754
Region_R26,0.006234296991112571,0.059423137495035194,0.9164443444092228,0.006234296991112571
Region_R31,-0.058042179686659125,0.041922284981560254,0.16619974326184073,0.058042179686659125
Region_R41,-0.16042820206602507,0.05359251427977175,0.0027581419527903076,0.16042820206602507
Region_R42,0.012325670520912088,0.10686180807487357,0.9081739317151037,0.012325670520912088
Region_R43,-0.13859577256309655,0.1663013788289925,0.40461848499870967,0.13859577256309655
Region_R52,0.0411528281704119,0.036177620326398305,0.2553202584327321,0.0411528281704119
Region_R53,0.12394051788877937,0.03453053937747454,0.00033156514970138576,0.12394051788877937
Region_R54,-0.04395150345582557,0.04675452040989589,0.34719282969626963,0.04395150345582557
Region_R72,-0.08303225386599902,0.04074082907280645,0.041543933382852054,0.08303225386599902
Region_R73,-0.08448494931783408,0.05142818751374475,0.10042946003434909,0.08448494931783408
Region_R74,0.2332369254529411,0.0776772963277875,0.002676491927719443,0.2332369254529411
Region_R82,0.10613054007019385,0.029101542381669565,0.000265418718945838,0.10613054007019385
Region_R83,-0.24096555092331742,0.0882655769861564,0.006333318122398342,0.24096555092331742
Region_R91,-0.055684871531954616,0.039795576291034515,0.16173116232332707,0.055684871531954616
Region_R93,0.008182146434913629,0.030194276667708037,0.786403833182364,0.008182146434913629
Region_R94,0.1488148779855314,0.08038067011293201,0.06411541767169954,0.1488148779855314
DrivAge_band_21-25,-0.3569889191409941,0.053001645305841644,1.6344483497937553e-11,0.3569889191409941
DrivAge_band_26-30,-0.48833299640813665,0.0519465481604224,5.421037569888133e-21,0.48833299640813665
DrivAge_band_31-40,-0.36241488673460626,0.05042291498186162,6.598662676662462e-13,0.36241488673460626
DrivAge_band_41-50,-0.07538119397868268,0.05093004872336667,0.13884850603927706,0.07538119397868268
DrivAge_band_51-65,-0.13340224054363037,0.05117839190187582,0.009144275606816046,0.13340224054363037
DrivAge_band_66+,-0.10628821995898648,0.05312680329427295,0.04542995693145081,0.10628821995898648
VehAge_band_1-3,-1.1900184473568862,0.021516507801151143,0.0,1.1900184473568862
VehAge_band_16+,-1.5578342150264883,0.03392155542442513,0.0,1.5578342150264883
VehAge_band_4-8,-1.0836107557524133,0.02206238230376424,0.0,1.0836107557524133
VehAge_band_9-15,-1.2432126418345877,0.022932453119540938,0.0,1.2432126418345877
