Feature,Mean |SHAP|
BonusMalus,0.29569232
VehAge,0.19477387
DrivAge,0.13331161
LogDensity,0.08134154
VehPower,0.066387855
VehBrand_B12,0.050496083
Region_R24,0.02953955
VehGas_Diesel,0.023881914
Region_R82,0.015237479
Region_R91,0.010469138
Region_R53,0.009316103
Region_R72,0.0077070068
VehBrand_B1,0.007512899
Region_R73,0.006343378
VehGas_Regular,0.0059606154
VehBrand_B2,0.0057518124
VehBrand_B5,0.0052811024
Region_R41,0.0052424585
Region_R11,0.0046311463
Region_R54,0.0045588384
Region_R31,0.0044340654
Area_D,0.0043698777
Region_R93,0.0040961513
Area_C,0.0038925835
VehBrand_B3,0.0036449044
VehBrand_B11,0.0033446865
VehBrand_B10,0.0032008206
Area_B,0.0030388015
Region_R52,0.0030138213
Region_R83,0.002921414
VehBrand_B6,0.0025644756
Area_E,0.002458979
Region_R22,0.0022026147
VehBrand_B13,0.0019070021
VehBrand_B4,0.00179407
Region_R94,0.0016586577
Region_R74,0.0016491506
Region_R25,0.0016097717
Region_R23,0.0013161522
Region_R26,0.00118438
Area_A,0.0010681761
VehBrand_B14,0.0009029561
Region_R43,0.00056666817
Area_F,0.0005127872
Region_R21,0.00048840704
Region_R42,0.00039591896
